"Post_ID","Post_Title","Post_URL","Comment_ID","Body","Score","Subreddit","type.label.post","ethical.issue.label.post.1","ethical.issue.label.post.2","stance.post","type.label.comment","ethical.issue.label.comment.1","ethical.issue.label.comment.2","stance.comment","new.class.type","new.ethical.issues"
"1bcf9rh","Boeing whistleblower found dead in US in apparent suicide","https://www.bbc.com/news/business-68534703","kuftd3m","Going nowhere, Boeing has so many military contracts/connections to the overall US economic outlay there's just no way a DOJ inquiry is producing meaningful results (or that it was ever designed to)",1182,"technology","1. article about whistleblower","9. whistleblower retaliation","7. safety","0. for whistleblowing","2. unrelated to whistleblowing","11. unrelated","11. unrelated","3. unrelated to whistleblowing","",NA
"1ckf50x","Boeing faces ten more whistleblowers after sudden death of two â€” â€œItâ€™s an absolute tragedy when a whistleblower ends up dying under strange circumstances,â€ says lawyer","https://www.hindustantimes.com/world-news/us-news/is-boeing-in-big-trouble-worlds-largest-aerospace-firm-faces-10-more-whistleblowers-after-sudden-death-of-two-101714838675908.html","l2mik4b","Some hitman is gonna be able to send his kids to college, a private out of state college, when this is all said and done.",2903,"technology","1. article about whistleblower","9. whistleblower retaliation","7. safety","0. for whistleblowing","0. general comment about whistleblower","9. whistleblower retaliation","13. only one issue","0. for whistleblowing","",NA
"moliff","She sued for pregnancy discrimination. Now sheâ€™s battling Googleâ€™s army of lawyers","https://www.theguardian.com/technology/2021/apr/09/she-sued-for-pregnancy-discrimination-now-shes-battling-googles-army-of-lawyers","gu53mim","Toddlers donâ€™t understand what litigation is. If theyâ€™re stressed out by the situation itâ€™s because sheâ€™s telling them about it and stressing them out. Or that partâ€™s just a lie for sympathy.",-32,"technology","1. article about whistleblower","9. whistleblower retaliation","3. discrimination","0. for whistleblowing","0. general comment about whistleblower","9. whistleblower retaliation","13. only one issue","1. against whistleblowing","",NA
"oitv8y","Home, but Not Free: NSA Whistleblower Reality Winner Adjusts to Her Release From Prison","https://theintercept.com/2021/07/10/reality-winner-release-home-family/","h4xwn8x","Republicans are the ""people"" you are referring to.",-40,"technology","1. article about whistleblower","9. whistleblower retaliation","5. manipulation","0. for whistleblowing","2. unrelated to whistleblowing","11. unrelated","11. unrelated","3. unrelated to whistleblowing","",NA
"jvpdhy","What If Cambridge Analytica Owned Its Own Social Network? CA Backer Rebekah Mercer Admits She's A Co-Founder Of Parler","https://www.techdirt.com/articles/20201116/01141545710/what-if-cambridge-analytica-owned-own-social-network-ca-backer-rebekah-mercer-admits-shes-co-founder-parler.shtml","gclx5u0","And it worked magnificently. Thats the future my friend. Get used to it...",-87,"technology","1. article about whistleblower","5. manipulation","4. misinformation","0. for whistleblowing","0. general comment about whistleblower","5. manipulation","0. privacy","2. neutral","",NA
"q7wisc","Facebook told staff it would seal off some internal message boards to prevent leaking. The change was immediately leaked.","https://www.businessinsider.com/facebook-whistleblower-leaks-restricts-staff-access-message-boards-elections-safety-2021-10","hglgkk4","I like that there are clearly Facebook employees only keeping their job solely to expose Facebook for the threat to society it is.",2999,"technology","1. article about whistleblower","3. discrimination","5. manipulation","0. for whistleblowing","0. general comment about whistleblower","3. discrimination","5. manipulation","0. for whistleblowing","",NA
"k8suwj","Florida State Police Raid Home Of COVID Whistleblower, Point Guns At Her & Her Family, Seize All Her Computer Equipment","https://www.techdirt.com/articles/20201207/14591845837/florida-state-police-raid-home-covid-whistleblower-point-guns-her-her-family-seize-all-her-computer-equipment.shtml","gf0lmhs","If you think this is a totalitarian regime youâ€™re the moron. Oh god forbid I donâ€™t agree with you, I must be a moron.",-29,"technology","1. article about whistleblower","9. whistleblower retaliation","5. manipulation","0. for whistleblowing","0. general comment about whistleblower","9. whistleblower retaliation","5. manipulation","2. neutral","",NA
"gt52qc","Leaked posts show Facebook employees asking the company to remove Trumpâ€™s threat of violence","https://www.theverge.com/2020/5/29/21275044/facebook-trump-tweets-employee-reaction-criticism","fsa1u5r","Sitting here enjoying my MAGA fries and MAGA toast. Thanks for the top kekington",-26,"technology","1. article about whistleblower","1. content moderation","4. misinformation","0. for whistleblowing","2. unrelated to whistleblowing","11. unrelated","11. unrelated","3. unrelated to whistleblowing","",NA
"9tbigf","We ran 2 fake ads pretending to be Cambridge Analytica â€” and Facebook failed to catch that they were frauds","https://www.businessinsider.com/facebook-approved-political-ads-paid-for-by-cambridge-analytica-2018-10","e8vl2p5","It's almost like you shouldn't get your information from fucking Facebook or something...",2178,"technology","1. article about whistleblower","1. content moderation","5. manipulation","0. for whistleblowing","2. unrelated to whistleblowing","11. unrelated","11. unrelated","3. unrelated to whistleblowing","",NA
"sukcyd","Amazon union buster reportedly warned workers that they could get lower pay","https://www.engadget.com/amazon-union-avoidance-officer-meeting-jfk8-074643549.html","hxah8t5","Itâ€™s true unions take your wages, why else would they want you to have one? They arenâ€™t free.",-41,"technology","1. article about whistleblower","5. manipulation","3. discrimination","0. for whistleblowing","0. general comment about whistleblower","11. unrelated","11. unrelated","1. against whistleblowing","",NA
"i6rj8f","Amazon reportedly wants to take over JCPenney and Sears stores to turn malls into giant fulfillment centers","https://www.businessinsider.com/amazon-looks-to-turn-malls-into-giant-fulfillment-centers-report-2020-8","g0xqskn","Romero would be proud",967,"technology","2. unrelated to whistleblowing","11. unrelated","11. unrelated","3. unrelated to whistleblowing","2. unrelated to whistleblowing","11. unrelated","11. unrelated","3. unrelated to whistleblowing","",NA
"1ci89l2","Whistleblower Josh Dean of Boeing supplier Spirit AeroSystems has died","https://www.seattletimes.com/business/whistleblower-josh-dean-of-boeing-supplier-spirit-aerosystems-has-died/","l27tymw","Boeing is slowly becoming Vought from The Boys",4617,"technology","1. article about whistleblower","7. safety","9. whistleblower retaliation","2. neutral","0. general comment about whistleblower","9. whistleblower retaliation","7. safety","0. for whistleblowing","",NA
"i54g2o","Facebook Fired An Employee Who Collected Evidence Of Right-Wing Pages Getting Preferential Treatment","https://www.buzzfeednews.com/article/craigsilverman/facebook-zuckerberg-what-if-trump-disputes-election-results?scrolla=5eb6d68b7fedc32c19ef33b4","g0n2y2d","Lol fake news",-33,"technology","1. article about whistleblower","9. whistleblower retaliation","5. manipulation","0. for whistleblowing","0. general comment about whistleblower","4. misinformation","13. only one issue","1. against whistleblowing","",NA
"5tzvfp","After Passing Worst Surveillance Law In A Democracy, UK Now Proposes Worst Anti-Whistleblowing Law","https://www.techdirt.com/articles/20170213/08484736698/after-passing-worst-surveillance-law-democracy-uk-now-proposes-worst-anti-whistleblowing-law.shtml","ddqme49","""I'm not planning on setting my house on fire. No need for an insurance!""
 
 ""I don't plan on breaking my leg. No need for healthcare!""
 
 ""Nobody's planning on killing me. No need for cops!""
 
 ""I don't need to save money. My car won't break this month!""
 
 ""The governement will never abuse its power, no need for privacy!""
 
 Use proof by contradiction (that's how they call it in mathemathics)",726,"technology","1. article about whistleblower","9. whistleblower retaliation","0. privacy","0. for whistleblowing","0. general comment about whistleblower","0. privacy","13. only one issue","0. for whistleblowing","",NA
"lcc5dv","Two Google engineers resign over firing of AI ethics researcher Timnit Gebru","https://www.reuters.com/article/us-alphabet-resignations/two-google-engineers-resign-over-firing-of-ai-ethics-researcher-timnit-gebru-idUSKBN2A4090","glzksuz","Google, like many tech companies, is notoriously racist and so a black employee has a signficantly bugger target on their back during any incidences simply for being black and the biases upper management have",-37,"technology","1. article about whistleblower","9. whistleblower retaliation","3. discrimination","0. for whistleblowing","0. general comment about whistleblower","9. whistleblower retaliation","3. discrimination","0. for whistleblowing","",NA
"4uavdb","Twitter users erupt: #DNCLeaks disappears from trending news as WikiLeaks emails released","http://www.washingtontimes.com/news/2016/jul/23/twitter-users-erupt-dncleaks-disappears-from-trend/","d5of08j","ironically, to protect the Democratic Party, these institutions are doing away with basic tenets of democracy",1621,"technology","1. article about whistleblower","1. content moderation","5. manipulation","2. neutral","0. general comment about whistleblower","5. manipulation","13. only one issue","0. for whistleblowing","",NA
"8krbip","The backlash that never happened: New data shows people actually increased their Facebook usage after the Cambridge Analytica scandal.","http://www.businessinsider.com/people-increased-facebook-usage-after-cambridge-analytica-scandal-2018-5","dz9z5n0","Itâ€™s sadly true that often any publicity is good publicity.",3573,"technology","1. article about whistleblower","5. manipulation","0. privacy","2. neutral","0. general comment about whistleblower","5. manipulation","0. privacy","0. for whistleblowing","",NA
"1c76uka","Boeing whistleblower claims there is a 'criminal coverup' over the 737 Max blowout","https://www.businessinsider.com/boeing-whistleblower-alleges-criminal-coverup-over-737-max-blowout-2024-4","l05sky5","Ed Pierson was a senior manager at Boeing's 737 factory and retired in 2018, before the first Max 8 crash.
 
 He has consistently raised concerns that the narrowbody jet is unsafe and says he once got off a 737 Max before it took off when he realized which plane model he had boarded.
 
 After a 737 Max 9 lost its door plug in midair â€” leaving a gaping hole in the fuselage , the NTSB said the door plug had been removed in Boeing's factory to fix some broken rivets, but Boeing told investigators it didn't have documentation of this work.
 
 ""With respect to documentation, if the door plug removal was undocumented there would be no documentation to share,"" Boeing said in a statement last month.
 
 But Pierson said: ""Records do in fact exist. I know this because I personally passed them to the FBI.
 It has been available for months.""
 
 The FBI is looking into whether criminal charges should be brought against Boeing as a result of the blowout.
 
 Passengers on the Alaska Airlines flight were sent letters from the FBI saying that they might be victims of a crime.",2111,"technology","1. article about whistleblower","9. whistleblower retaliation","7. safety","0. for whistleblowing","0. general comment about whistleblower","7. safety","13. only one issue","0. for whistleblowing","",NA
"k9hkkk","COVID-19 data whistleblower could face up to 5 years in prison if charged with cybercrime","https://www.sun-sentinel.com/news/politics/fl-ne-rebekah-jones-raid-folo-20201209-wrmbt4r62rcnff5wr3kwogt24e-story.html","gf4i1bg","Everybody involved with Epsteinâ€™s case has big money lawyers that can stretch things out as long as they can",3082,"technology","1. article about whistleblower","9. whistleblower retaliation","5. manipulation","0. for whistleblowing","2. unrelated to whistleblowing","11. unrelated","11. unrelated","3. unrelated to whistleblowing","",NA
"ja0oi4","Reports: Facebook Fires Employee Who Shared Proof of Right Wing Favoritism","https://sanfrancisco.cbslocal.com/2020/08/07/reports-facebook-fires-employee-who-shared-proof-of-right-wing-favoritism/?fbclid=IwAR2L-swaj2hRkZGLVeRmQY53Hn3Um0qo9F9aIvpWbC5Rt05j4Y7VPUA5hwA#.X0PHH6Gblmu.facebook","g8o49ro","Man, I eat onions and tubers for breakfast, as I have done for 3 decades. Troll much? (ok, I am sorry, I tried so hard to stop right there with the comment, but I couldnâ€™t...) ðŸ˜‚ðŸ¤£",-80,"technology","1. article about whistleblower","9. whistleblower retaliation","5. manipulation","0. for whistleblowing","2. unrelated to whistleblowing","11. unrelated","11. unrelated","3. unrelated to whistleblowing","",NA
"86kf3a","Leaked: Cambridge Analytica's blueprint for Trump victory | UK news | The Guardian","https://www.theguardian.com/uk-news/2018/mar/23/leaked-cambridge-analyticas-blueprint-for-trump-victory?CMP=Share_iOSApp_Other","dw61lli","ðŸ˜‚ fucking a+ spin mate, tell your manager it's a good script",-28,"technology","1. article about whistleblower","5. manipulation","0. privacy","2. neutral","2. unrelated to whistleblowing","11. unrelated","11. unrelated","3. unrelated to whistleblowing","",NA
"w4ccou","Mark Zuckerberg will have to give a 6-hour deposition about Cambridge Analytica as part of a class-action lawsuit","https://www.businessinsider.com/mark-zuckerberg-cambridge-analytica-meta-deposition-lawsuit-2022-7","ih14gv7","Iam sure he is busy uplaoding his answers",786,"technology","1. article about whistleblower","5. manipulation","0. privacy","2. neutral","0. general comment about whistleblower","0. privacy","5. manipulation","0. for whistleblowing","",NA
"ejz93k","Fresh Cambridge Analytica leak â€˜shows global manipulation is out of controlâ€™ - Companyâ€™s work in 68 countries laid bare with release of more than 100,000 documents","https://www.theguardian.com/uk-news/2020/jan/04/cambridge-analytica-data-leak-global-election-manipulation","fd5fscd","already see pro-Sanders posts upvoted to 10s of thousands.. Russian interference is in full swing just like 2016",-32,"technology","1. article about whistleblower","5. manipulation","0. privacy","0. for whistleblowing","2. unrelated to whistleblowing","11. unrelated","11. unrelated","3. unrelated to whistleblowing","",NA
"y0l392","Leaked documents show Amazon warehouse workers are up in arms over the company's new raises. The raises of $0.50 an hour are 'a slap in the face,' one worker wrote.","https://www.businessinsider.com/amazon-warehouse-raises-workers-leaked-documents-2022-10","irsuv6d","As someone whoâ€™s part of a union, it doesnâ€™t really work that way. You just have 2 groups reaching into your pockets now",-45,"technology","1. article about whistleblower","3. discrimination","5. manipulation","0. for whistleblowing","2. unrelated to whistleblowing","11. unrelated","11. unrelated","3. unrelated to whistleblowing","",NA
"vekp1h","Leaked Amazon memo warns the company is running out of people to hire","https://www.vox.com/recode/23170900/leaked-amazon-memo-warehouses-hiring-shortage","icqllyx","Ironically, unions could save their ass. Unions fight for fair wages and better working conditions and often incentivize seniority. Would be interested to see if turnover is lower at unionized Amazon warehouse once their contract has been in place for a couple of years.",1212,"technology","2. unrelated to whistleblowing","11. unrelated","11. unrelated","3. unrelated to whistleblowing","2. unrelated to whistleblowing","11. unrelated","11. unrelated","3. unrelated to whistleblowing","",NA
"sw8lws","Facebook misled investors on scope of misinformation problems, whistleblower says","https://arstechnica.com/tech-policy/2022/02/facebook-misled-investors-on-scope-of-misinformation-problems-whistleblower-says/","hxklnpu","Itâ€™s based on a complaint someone filed in court. Hardly fact.",-28,"technology","1. article about whistleblower","4. misinformation","5. manipulation","0. for whistleblowing","0. general comment about whistleblower","4. misinformation","5. manipulation","1. against whistleblowing","",NA
"twbsev","Leaked: New Amazon Worker Chat App to Ban Words Like â€œUnion,â€ â€œRestrooms,â€ â€œPay Raise,â€ and â€œPlantationâ€","https://theintercept.com/2022/04/04/amazon-union-living-wage-restrooms-chat-app/","i3egwls","The bawss hasn't given me an increase in fun coupons in over a year, gonna talk to my super best friend club representative right after I finish my business in the pee pee palace",6466,"technology","1. article about whistleblower","3. discrimination","5. manipulation","0. for whistleblowing","0. general comment about whistleblower","3. discrimination","5. manipulation","0. for whistleblowing","",NA
"yv3y7f","Amazon reportedly plans to lay off about 10,000 employees starting this week","https://www.cnbc.com/2022/11/14/amazon-reportedly-plans-to-lay-off-about-10000-employees-starting-this-week.html","iwcy37e","Debt being expensive is a big one. Even companies that have little if any debt want to cut costs to avoid needing to borrow when borrowing becomes expensive. When debt was cheap a lot of companies expanded like there was no tomorrow.",1404,"technology","2. unrelated to whistleblowing","11. unrelated","11. unrelated","3. unrelated to whistleblowing","2. unrelated to whistleblowing","11. unrelated","11. unrelated","3. unrelated to whistleblowing","",NA
"ow6igk","Drone Whistleblower Daniel Hale Is a Truth-Teller in a Time of Systemic Deceit and Lethal Secrecy: Hale should be pardoned and released, and the government should pay him restitution.","https://theintercept.com/2021/07/30/daniel-hale-drone-whistleblower/","h7fq1p3","Wikileaks was part of a russian disinformation campaign that enabled an attack on our democracy. Anyone who thinks wikileaks did any good for this country, I have some ""lakefront"" property to sell you.",-32,"technology","0. general comment about whistleblower","9. whistleblower retaliation","0. privacy","0. for whistleblowing","0. general comment about whistleblower","0. privacy","5. manipulation","1. against whistleblowing","",NA
"c38kvj","Facebook removed from S&P list of ethical companies after data scandals","https://www.telegraph.co.uk/technology/2019/06/13/facebook-gets-boot-sp-500-ethical-index/","erpfrk0","List of ethical companies, lol.",867,"technology","1. article about whistleblower","0. privacy","5. manipulation","2. neutral","2. unrelated to whistleblowing","11. unrelated","11. unrelated","3. unrelated to whistleblowing","",NA
"5iox6y","NSA Inspector Who Criticized Snowden for Not Using 'Official' Channels Found Guilty of Retaliating Against Whistleblower Who Did Just That","http://www.commondreams.org/news/2016/12/15/nsa-inspector-who-criticized-snowden-not-using-official-channels-found-guilty","dba10ct","ITT: technology illiterate rubes circlejerking themselves about snowden, a fellow rube",-67,"technology","1. article about whistleblower","9. whistleblower retaliation","0. privacy","0. for whistleblowing","0. general comment about whistleblower","9. whistleblower retaliation","0. privacy","1. against whistleblowing","",NA
"sg5jgk","Alexa whistleblower demands Amazon apology after being jailed and tortured","https://www.theguardian.com/technology/2022/jan/30/alexa-factory-whistleblower-i-was-tortured-and-jailed-now-amazon-should-apologise","huufge3","Meanwhile on that other sub theyâ€™re talking shit about Canadian truckers for standing up for their working conditions. We should at least be consistent in our bashing.",-497,"technology","1. article about whistleblower","9. whistleblower retaliation","3. discrimination","0. for whistleblowing","2. unrelated to whistleblowing","11. unrelated","11. unrelated","3. unrelated to whistleblowing","",NA
"q2vn8c","Facebook whistleblower accuses tech titan of ignoring foreign espionage operations","https://news.yahoo.com/facebook-whistleblower-accuses-tech-titan-221300181.html","hfp65eq","Aww orange man still living rent free?",-63,"technews","1. article about whistleblower","0. privacy","6. cybersecurity","0. for whistleblowing","2. unrelated to whistleblowing","11. unrelated","11. unrelated","3. unrelated to whistleblowing","",NA
"4dn4kk","This is a serious question: Why isn't Edward Snowden more or less universally declared a hero?","https://www.reddit.com/r/technology/comments/4dn4kk/this_is_a_serious_question_why_isnt_edward/","d1shugf","Martin Luther King wasn't exactly portrayed to the mass public, media, or many established organizations as a hero when he was alive.",738,"technology","0. general comment about whistleblower","9. whistleblower retaliation","0. privacy","0. for whistleblowing","0. general comment about whistleblower","9. whistleblower retaliation","0. privacy","0. for whistleblowing","",NA
"v0n9gn","Atlanta Apple store workers reportedly withdraw request for union vote scheduled just days away, citing alleged intimidation","https://www.businessinsider.com/atlanta-apple-store-withdraws-request-union-vote-intimidation-workers-cwa-2022-5","iai8i32","materialistic smile murky upbeat air live seed childlike wise nippy
 
  *This post was mass deleted and anonymized with [Redact](https://redact.dev)*",1702,"technology","1. article about whistleblower","3. discrimination","5. manipulation","0. for whistleblowing","2. unrelated to whistleblowing","11. unrelated","11. unrelated","3. unrelated to whistleblowing","",NA
"q6j0ly","A second Facebook whistleblower says she's willing to testify before Congress, and that she's shared documents with a US law agency","https://www.businessinsider.com/facebook-whistleblower-sophie-zhang-willing-to-testify-congress-2021-10","hgci7gz","Ahem
 
 
 Zuck is going to run the 'im sorry' eye blink subroutine",1034,"technology","1. article about whistleblower","5. manipulation","4. misinformation","0. for whistleblowing","0. general comment about whistleblower","5. manipulation","4. misinformation","0. for whistleblowing","",NA
"by7que","'I've paid a huge personal cost:' Google walkout organizer resigns over alleged retaliation - Longtime employee who helped organize global protest alleges Googleâ€™s response was designed to â€˜have a chilling effectâ€™ on growing workplace activism","https://www.theguardian.com/technology/2019/jun/07/google-walkout-organizer-claire-stapleton-resigns","eqec00f","Temp, Vendor, or Contractor",801,"technology","1. article about whistleblower","9. whistleblower retaliation","3. discrimination","0. for whistleblowing","2. unrelated to whistleblowing","11. unrelated","11. unrelated","3. unrelated to whistleblowing","",NA
"wvvye7","Amazon denied a worker's death was caused by heat in the warehouse, but it's since installed new AC and more fans, report says","https://www.businessinsider.com/amazon-installs-ac-in-warehouse-after-worker-death-report-2022-8","ilidq5y",">It won't be long before they have burned through everyone willing to work there. 
 
 That's actually a situation that Amazon is finding themselves in currently, though I'm not sure they are trying to actively rectify it. High turnover at Amazon is a feature, not a bug. It's part of their company ethos, as they feel newer hires will work harder and established employees will settle into their habits. If you don't end up quitting they'll eventually find a reason to fire you.",1044,"technology","1. article about whistleblower","3. discrimination","5. manipulation","0. for whistleblowing","2. unrelated to whistleblowing","11. unrelated","11. unrelated","3. unrelated to whistleblowing","",NA
"r0aqz9","Apple told the SEC it doesn't silence employees regarding workplace harassment or discrimination. New whistleblower documents show that isn't true.","https://www.businessinsider.com/apple-sec-response-under-scrutiny-after-whistleblower-comes-forward","hlrr76i","California still believes they are a great place to live.",-30,"technology","1. article about whistleblower","3. discrimination","5. manipulation","0. for whistleblowing","2. unrelated to whistleblowing","11. unrelated","11. unrelated","3. unrelated to whistleblowing","",NA
"52ek3k","The ACLU Is About to Launch a Campaign Asking Obama to Pardon Edward Snowden - The long-expected campaign will start just two days before Oliver Stone's Snowden hits theaters","https://motherboard.vice.com/read/edward-snowden-presidential-pardon-campaign","d7jrst2","Preface: The end result, the discovery of privacy violations and blatant violations of the US Constitution, is a great thing. Privacy, the right to communicate freely, and the right to withhold any information you want from the government, should be protected by a Constitutional Amendment. That being said:
 
 CitizenFour is a patronizing sack of shit that paints Snowden as a victim of circumstance, standing up for what's right, facing down the imperialist badguy: America.
 
 Snowden accidentally released information that pertained to NSA wiretapping in a much larger data release that he was using to cause damage because he was a narcissist that believed he should have had more importance with the government. That's it, just a mentally disturbed guy that bumblefucked his way into being the posterchild for the anti-domestic-espionage (who are great people, mostly, serving an ultimately wonderful purpose) movement. There was never anything altruistic in his motives, his plan was to release a data dump and flee to an (several actually) enemy of the state for asylum.",-82,"technology","1. article about whistleblower","9. whistleblower retaliation","0. privacy","2. neutral","0. general comment about whistleblower","9. whistleblower retaliation","0. privacy","1. against whistleblowing","",NA
"j65qqr","Leaked Amazon internal memo reveals new software to track unions","https://www.vox.com/recode/2020/10/6/21502639/amazon-union-busting-tracking-memo-spoc","g7wtarc","Unions are bad for workers that actually do their job. They protect bad workers and limit the potential of top performers, and introduce inefficiencies that weaken job/wage growth. They're bad for business too. All they're good for is union leaders that get a large salary at the expense of workers who lose a cut of their paycheck.",-29,"technology","1. article about whistleblower","5. manipulation","3. discrimination","0. for whistleblowing","2. unrelated to whistleblowing","11. unrelated","11. unrelated","3. unrelated to whistleblowing","",NA
"8rcm21","Trump 2020 working with ex-Cambridge Analytica staffers.","https://apnews.com/96928216bdc341ada659447973a688e4","e0q9qjl","Sure man, whatever helps you deal with those bad feelings you're struggling with.",-58,"technology","1. article about whistleblower","5. manipulation","0. privacy","0. for whistleblowing","0. general comment about whistleblower","5. manipulation","0. privacy","1. against whistleblowing","",NA
"t51xtf","Meta warned it might quit Europe. The data-sharing mechanisms that emerged after Snowden spying revelations are at the heart of it.","https://www.businessinsider.com/explainer-why-meta-warned-it-might-quit-europe-2022-3","hz20wmj","Don't threaten us with a good time, Meta.",5790,"technology","1. article about whistleblower","0. privacy","5. manipulation","2. neutral","0. general comment about whistleblower","0. privacy","5. manipulation","0. for whistleblowing","",NA
"1gtn9g","U.S. charges Edward Snowden with espionage","http://www.washingtonpost.com/world/national-security/us-charges-snowden-with-espionage/2013/06/21/507497d8-dab1-11e2-a016-92547bf094cc_story.html","canryzw","Reddit gets it wrong.....again. He was not charged with espionage. The charges fall under the espionage act but they are in fact: 1) Disclosure of classified info, 2) Gathering or transmitting defense info, 3) embezzling public money, property or records. I mean, I'm sure you guys wouldn't want to mislead peop..........oh wait.........I'm on Reddit. Never mind.",1951,"technology","1. article about whistleblower","9. whistleblower retaliation","0. privacy","2. neutral","0. general comment about whistleblower","9. whistleblower retaliation","0. privacy","2. neutral","",NA
"850t12","Facebook suspends Trump-linked firm Cambridge Analytica.","http://thehill.com/policy/technology/technology/378892-facebook-suspends-trump-linked-firm-cambridge-analytica","dvu6kds","Facebook/zuckerberg has stepped up recently and stated that they are going to take more responsibility for their platform.
 
 There was a great... I think Forbes... article about it earlier in the year, if youâ€™re curious I highly recommend read up on the change.",-38,"technology","1. article about whistleblower","5. manipulation","0. privacy","2. neutral","2. unrelated to whistleblowing","11. unrelated","11. unrelated","3. unrelated to whistleblowing","",NA
"7x3vwl","A Facebook employee asked a reporter to turn off his phone so Facebook couldn't track its location â€” and it reveals a bigger problem within the company","http://www.businessinsider.com/facebook-employee-concerned-company-tracking-phone-for-leaks-report-2018-2","du5ejho","Business Insider should be banned from Reddit. It's the biggest pile of shit around.",-31,"technology","1. article about whistleblower","9. whistleblower retaliation","0. privacy","0. for whistleblowing","0. general comment about whistleblower","9. whistleblower retaliation","0. privacy","1. against whistleblowing","",NA
"ykk0rh","Uber whistleblower says current business model 'absolutely' unsustainable","https://www.reuters.com/technology/uber-whistleblower-says-current-business-model-absolutely-unsustainable-2022-11-02/","iuuprxk","Trains suck dick. Self-drive cars are the future.",-33,"technology","1. article about whistleblower","5. manipulation","3. discrimination","0. for whistleblowing","2. unrelated to whistleblowing","11. unrelated","11. unrelated","3. unrelated to whistleblowing","",NA
"ckqnx4","Brace for controversy: Edward Snowden has written a memoir","https://arstechnica.com/tech-policy/2019/08/snowden-to-publish-memoir-on-his-crisis-of-conscience-leak-of-nsa-secrets/","evqbvzx","Lol the traitor that ran to Moscow? You can bet this memoir is Putin Approved.
 
 Edit: downvoted? Please tell me how successful Snowden would be at releasing a memoir that angered Putin, who gave him shelter after he dumped top secret American documents to KNOWN RUSSIAN ASSET wiki leaks and Glenn Greenwald.",-35,"technews","1. article about whistleblower","0. privacy","9. whistleblower retaliation","0. for whistleblowing","0. general comment about whistleblower","0. privacy","9. whistleblower retaliation","1. against whistleblowing","",NA
"52qx0r","'Edward Snowden did this country a great service. Let him come home' - Bernie Sanders, Daniel Ellsberg, former members of the NSA and more weigh in on whether Obama should grant clemency to the divisive whistleblower","https://www.theguardian.com/us-news/2016/sep/14/edward-snowden-pardon-bernie-sanders-daniel-ellsberg","d7n0dtd","Takes a big man to forgive another mans reporting on a third mans days in office.",-34,"technology","0. general comment about whistleblower","0. privacy","9. whistleblower retaliation","0. for whistleblowing","0. general comment about whistleblower","0. privacy","9. whistleblower retaliation","2. neutral","",NA
"37csm5","Steve Wozniak: Edward Snowden is 'a hero to me' | Apple co-founder says the NSA whistleblower â€œgave up his own life . . . to help the rest of usâ€","https://fortune.com/2015/05/26/steve-wozniak-edward-snowden/","crlz5jk","Snowden should be hanged a traitor. He released all kinds of collection methods on foreign countries. You can say the release of information on domestic spying was right all you want, but telling the entire world how we collect, and ESPECIALLY how we monitor people spying/collecting on us, is traitorous. He needs to be brought in, held accountable, and hanged.",-26,"technology","0. general comment about whistleblower","0. privacy","9. whistleblower retaliation","0. for whistleblowing","0. general comment about whistleblower","0. privacy","9. whistleblower retaliation","1. against whistleblowing","",NA
"1bkutt3","Boeing whistleblower John Barnett was spied on, harassed by managers: lawsuit.","https://www.foxbusiness.com/markets/boeing-whistleblower-john-barnett-spied-harassed-managers-lawsuit-claims","kw0wnzd","Literally everyone knows this man was murdered, how Boeing is getting with this shit is crazy",4204,"technology","0. general comment about whistleblower","9. whistleblower retaliation","3. discrimination","0. for whistleblowing","0. general comment about whistleblower","9. whistleblower retaliation","13. only one issue","0. for whistleblowing","",NA
"py31u3","Leaked Facebook Docs Depict Kids as 'Untapped' Wealth","https://gizmodo.com/leaked-facebook-docs-depict-kids-as-untapped-wealth-1847763431","herkukz",">â€œWe make body image issues worse for one in three teen girls,â€ the research said, noting as well that some teen girls had traced their own suicidal ideations to their experiences on the platform. Facebook later claimed that line from the research was misleading, and that the finding only applied to â€œthose teenage girls who told us they were experiencing body image issues reported that using Instagram made them feel worseâ€”not one in three of *all* teenage girls.â€
 
 So what, one in four of all teenage girls?",1457,"technology","1. article about whistleblower","5. manipulation","0. privacy","0. for whistleblowing","0. general comment about whistleblower","5. manipulation","13. only one issue","0. for whistleblowing","",NA
"5iii1b","Top NSA Watchdog Who Insisted Snowden Should Have Come to Him Receives Termination Notice for Retaliating Against a Whistleblower","http://www.pogo.org/blog/2016/12/intelligence-community-landmark.html","db8zkdm",">That really is how they think, too.
 
 
 I think you might lump me into ""they.""
 
 I do not believe Snowden deserves a pardon. I think he is a petty individual who didn't even try proper channels for his own aggrandizement. I think he deserves a trial. An _international_ trial because, let's be clear here, he cannot get a fair one on US soil.
 
 I think his systemic release of information helped the enemies of the US. 
 
 I also applaud the fact he brought it to light. He just did it wrongly.
 
 His constant fight to find relevancy, popularity and fame by releasing an opinion on nearly _everything_ gives me this ongoing belief.",-31,"technology","1. article about whistleblower","9. whistleblower retaliation","0. privacy","0. for whistleblowing","0. general comment about whistleblower","0. privacy","9. whistleblower retaliation","1. against whistleblowing","",NA
"9jd7zm","'Unions Are Lying, Cheating Rats': Leaked Video Reveals Amazon's Belligerent Anti-Worker Tactics","https://www.commondreams.org/news/2018/09/27/unions-are-lying-cheating-rats-leaked-video-reveals-amazons-belligerent-anti-worker","e6rr1mt","Do you need a union to tell you not to take that job? And to take one that offers ""normal"" hours?",-46,"technology","1. article about whistleblower","3. discrimination","5. manipulation","0. for whistleblowing","2. unrelated to whistleblowing","11. unrelated","11. unrelated","3. unrelated to whistleblowing","",NA
"88mr47","Facebook Employees in an Uproar Over Executiveâ€™s Leaked Memo","https://www.nytimes.com/2018/03/30/technology/facebook-leaked-memo.html","dwlyr9z",">never put anything in writing that you're not willing to have read aloudâ€”and have to defendâ€”in a courtroom.
 
 Sounds a whole lot like how Orwell described wrong-think in 1984.",-33,"technology","1. article about whistleblower","5. manipulation","3. discrimination","0. for whistleblowing","2. unrelated to whistleblowing","11. unrelated","11. unrelated","3. unrelated to whistleblowing","",NA
"1guot5","Greenwald On the Espionage Act charges against Edward Snowden - Who is actually bringing ""injury to America"": those who are secretly building a massive surveillance system or those who inform citizens that it's being done?","http://www.guardian.co.uk/commentisfree/2013/jun/22/snowden-espionage-charges","cao12y8","These threads highlight how Reddit has become a circlejerk. Aside from almost none of the recent ""revelations"" being any kind of surprise, we should also not be surprised that Snowden has been indicted - it was obvious that he would be. 
 
 Read this, it's good: https://medium.com/state-of-play/bb27db32ae38
 
 **Edit**: Admittedly, /r/technology probably isn't the best place for me to make this critique - I'm just getting tired of the over-Jesusification of Snowden and bloody Greenwald.",-31,"technology","0. general comment about whistleblower","0. privacy","9. whistleblower retaliation","0. for whistleblowing","0. general comment about whistleblower","0. privacy","9. whistleblower retaliation","1. against whistleblowing","",NA
"8cvzre","Second Cambridge Analytica whistleblower says 'sex compass' app gathered more Facebook data beyond the 87 million we already knew about","http://uk.businessinsider.com/facebook-data-scandal-bigger-than-87-million-users-2018-4","dxin4ft","Sorry, I don't have your data. Can you please send it to my email thanks.",1395,"technology","1. article about whistleblower","0. privacy","5. manipulation","0. for whistleblowing","2. unrelated to whistleblowing","11. unrelated","11. unrelated","3. unrelated to whistleblowing","",NA
"85mpcj","Both Facebook And Cambridge Analytica Threatened To Sue Journalists Over Stories On CA's Use Of Facebook Data","https://www.techdirt.com/articles/20180318/00111439443/both-facebook-cambridge-analytica-threatened-to-sue-journalists-over-stories-cas-use-facebook-data.shtml","dvyniya","If you choose to login with Facebook / Gmail on a website / in an app they get all you contacts etc. itâ€™s been known for years. The whole idea is that you use that for marketing reasons. I really have no idea why this is news. Does this mean these reporters have absolutely no idea what theyâ€™re talking about? Also, this pink haired whistleblower that calls himself an IT expert and was amazed about this has clearly no knowledge of how people market their products these days. Name me a company of value that hasnâ€™t been doing this during the past years.",-26,"technology","1. article about whistleblower","5. manipulation","0. privacy","0. for whistleblowing","0. general comment about whistleblower","5. manipulation","0. privacy","1. against whistleblowing","",NA
"a0kciu","Meet the woman exposing the secrets of tech giants like Facebook","https://www.scmp.com/tech/apps-social/article/2174875/jane-wong-explains-why-she-uncovers-hidden-app-features-tech-giants","eaj5yxr","Simple search engine search will show you more than enough articles about recent google fk-up where people realised that disabling location services didnâ€™t really disabled it. 
 Want me to paste a few links here or you gonna do your homework by yourself? 
 Here is just a few:
 
 https://qz.com/1131515/google-collects-android-users-locations-even-when-location-services-are-disabled/
 
 https://www.popularmechanics.com/technology/security/a13819012/google-android-phone-cell-tower-tracking/
 
 https://www.theguardian.com/technology/2017/nov/22/google-track-android-users-location-services-turned-off-sim
 
 **Edit grammar 
 
 Also do a small research about not so popular today â€œfake cell phone towersâ€ that are transforming every smartphone into spying device.",-26,"tech","2. unrelated to whistleblowing","11. unrelated","11. unrelated","3. unrelated to whistleblowing","2. unrelated to whistleblowing","11. unrelated","11. unrelated","3. unrelated to whistleblowing","",NA
"15eu0fe","Top Meta executive said the company's name change was a success because it beat out coverage of the 'Facebook Papers' revelations","https://www.businessinsider.com/meta-exec-said-rebrand-succeeded-in-beating-facebook-papers-coverage-2023-7","ju9ntoa","Facebook not being at the top of everyone's shitlist is solely due to Elon Musk torpedoing a competing ex-40 billion dollar social media company. I might add that nobody even thinks of it as anything other than facebook, so the name change didn't even work.",887,"technology","1. article about whistleblower","0. privacy","5. manipulation","0. for whistleblowing","2. unrelated to whistleblowing","11. unrelated","11. unrelated","3. unrelated to whistleblowing","",NA
"xcq2f2","Leaked Report From Instagram Claims 'Most Reels Users Have No Engagement Whatsoever'","https://gizmodo.com/reels-instagram-meta-facebook-tiktok-1849526669","io6kvis","Oh god how much I hate what Instagram has become. 
 
 
 All the video content, the reels bullshit, the suggested posts in the feed, the lack of customization... I am not using tiktok for a reason, and Instagram does it's very best to simply become tiktok.. it's maddening. 
 
 
 Oh, and Youtube and ""shorts"" - you can eat mine, thank you. I came for meaningful videos, not for what is basically tiktoks...",1656,"technology","2. unrelated to whistleblowing","11. unrelated","11. unrelated","3. unrelated to whistleblowing","2. unrelated to whistleblowing","11. unrelated","11. unrelated","3. unrelated to whistleblowing","",NA
"4q44sv","President Obama should pardon Edward Snowden before leaving office","http://www.theverge.com/2016/6/27/12040196/president-obama-pardon-edward-snowden-free","d4qn403","Or you know, doing the million other things the President has to do. Your flippant use of the word 'pardon' clearly means you have no idea what it means (what, praytell, would he even be pardoning Clinton for?)
 
 
 Just to clarify: I'm in favor of some sort of protection for Snowden, and I don't think he broke the law intending to do malicious acts with it, that being said, placing the blame on Obama for this or being expectant of Obama is not a practice that's going to gain much traction.",-28,"technology","1. article about whistleblower","9. whistleblower retaliation","0. privacy","0. for whistleblowing","0. general comment about whistleblower","9. whistleblower retaliation","0. privacy","0. for whistleblowing","",NA
"2j22mw","Documents obtained by NSA whistleblower Edward Snowden contain extensive documentation of PayPal Corporationâ€™s partnership and cooperation with the NSA. The billionaire owner of PayPal Corporation has entered into a $250 Million partnership with two journalists who possess the entire Snowden cache.","http://www.boilingfrogspost.com/2013/12/11/bfp-breaking-news-omidyars-paypal-corporation-said-to-be-implicated-in-withheld-nsa-documents/","cl7zo9t","and you know what paypal employee,,, youre labor is being exploited by your bosses, we are on the same side. 
 
 
 op here, 199 point post. if you upvoted , subscribe to /r/LimitedHangouts if you think its weird 1% of snowdens cache has been publicized. 
 
 http://cryptome.org/2013/11/snowden-tally.htm
 
 >2,432 pages of The Guardian first reported 58,000 files; caveat: Janine Gibson, The Guardian NY, said on 30 January 2014 ""much more than 58,000 files in first part, two more parts"" (no numbers) (tally now less than ~3.5%). DoD claims 1,700,000 files (~.012% of that released). ACLU lists 525 pages released by the press.",-27,"technology","1. article about whistleblower","0. privacy","5. manipulation","0. for whistleblowing","0. general comment about whistleblower","0. privacy","5. manipulation","0. for whistleblowing","",NA
"dwcnyd","I'm the Google whistleblower. The medical data of millions of Americans is at risk","https://www.theguardian.com/commentisfree/2019/nov/14/im-the-google-whistleblower-the-medical-data-of-millions-of-americans-is-at-risk","f7icyw0","Hi, whistleblower. Your keychain and all blockchain passwords you've had at your disposal.
 Will we find any lies?
 
 If yes, not a whistleblower.
 
 If no, is there anyone else helping you?
 If yes, not a whistleblower.
 If no, who is it that has been framed?
 
 If no one has been framed, this is European media absolutely destroying American education. Only Trump, Donald J. has been framed.",-83,"technology","1. article about whistleblower","0. privacy","6. cybersecurity","0. for whistleblowing","0. general comment about whistleblower","0. privacy","6. cybersecurity","1. against whistleblowing","",NA
"86ku22","'Delete Facebook' searches hit 5-year high on Google after Cambridge Analytica crisis","https://mashable.com/2018/03/22/delete-facebook-searches-cambridge-analytica/","dw5z1g5","Deleting my Facebook and Instagram (never had a Twitter) 2 almost 3 years ago was one of the best decisions of my life. Now I just spend all my time on Reddit",1146,"technology","1. article about whistleblower","5. manipulation","0. privacy","2. neutral","0. general comment about whistleblower","5. manipulation","0. privacy","0. for whistleblowing","",NA
"b2gigo","The Cambridge Analytica scandal changed the world â€“ but it didn't change Facebook","https://www.theguardian.com/technology/2019/mar/17/the-cambridge-analytica-scandal-changed-the-world-but-it-didnt-change-facebook","eisi1gq","Which is why you should stop using Facebook. Zuckerberg is a psychopath who cares about nothing except building an empire.",1806,"technology","1. article about whistleblower","5. manipulation","0. privacy","0. for whistleblowing","0. general comment about whistleblower","5. manipulation","0. privacy","0. for whistleblowing","",NA
"4btufe","â€œSnowden has done a serviceâ€: Former Bush official Lawrence Wilkerson applauds the whistleblower","http://www.salon.com/2016/03/24/snowden_has_done_a_service_former_bush_official_lawrence_wilkerson_applauds_the_whistleblower/","d1ckuf8","> Wilkerson says Snowden did not threaten U.S. security, and, in a perfect world, the whistleblower would be rewarded 
 
 Wat.
 
 > **did not threaten U.S. security**
 
 If that's true then nothing he divulged should have been classified in the first place: https://en.wikipedia.org/wiki/Classified_information_in_the_United_States second paragraph, second sentence:
 
 > The desired degree of secrecy about such information is known as its sensitivity. **Sensitivity is based upon a calculation of the damage to national security that the release of the information would cause.**
 
 That's *literally* how the US defines the sensitivity of classified information. 
 
 
 So, which is it?",-39,"technology","0. general comment about whistleblower","0. privacy","9. whistleblower retaliation","0. for whistleblowing","0. general comment about whistleblower","0. privacy","9. whistleblower retaliation","1. against whistleblowing","",NA
"q10rx4","Facebook Whistleblower Reveals Identity In Bombshell '60 Minutes' Interview'","https://www.huffpost.com/entry/facebook-frances-haugen-60-minutes-whistleblower-jan-6_n_615a46b0e4b008640eb5d6b5","hfcxlaj","I appreciate whatâ€™s sheâ€™s doing a lot but someoneâ€™s gotta say it. Her jawline is Chad 3000",-26,"technology","1. article about whistleblower","5. manipulation","4. misinformation","0. for whistleblowing","0. general comment about whistleblower","5. manipulation","4. misinformation","0. for whistleblowing","",NA
"iqqz16","Amazon sold items at inflated prices during pandemic according to consumer watchdog","https://www.theverge.com/2020/9/11/21431962/public-citizen-amazon-price-gouging-coronavirus-covid-19-hand-sanitizer-masks-soap-toilet-paper","g4u5f03","also ""price rising due to demand"" is a textbook definition of how price to demand graph normally works.",1110,"technology","2. unrelated to whistleblowing","11. unrelated","11. unrelated","3. unrelated to whistleblowing","2. unrelated to whistleblowing","11. unrelated","11. unrelated","3. unrelated to whistleblowing","",NA
"dsof5u","Time to 'Break Facebook Up,' Sanders Says After Leaked Docs Show Social Media Giant 'Treated User Data as a Bargaining Chip'","https://www.commondreams.org/news/2019/11/06/time-break-facebook-sanders-says-after-leaked-docs-show-social-media-giant-treated","f6r0ddu","And the ISPs and a bunch of other companies in the US.",1550,"technology","0. general comment about whistleblower","0. privacy","5. manipulation","0. for whistleblowing","0. general comment about whistleblower","0. privacy","13. only one issue","0. for whistleblowing","",NA
"q2elmb","Hereâ€™s a Simple Way to Make Facebook Less Terrible - Frances Haugenâ€™s suggestion to switch feeds back to chronological order could change everything.","https://www.bloomberg.com/opinion/articles/2021-10-05/could-facebook-whistleblower-frances-haugen-bring-back-time-order","hfks7e6","Thatâ€™s stupid. I have basic human right to download an app to my phone, create an account, use it daily for no reason whatsoever, and to feel secure in the fact that it wonâ€™t hurt my feelings. Because Iâ€™m an adult and this is what I think the US government should be focused on.",-37,"technology","1. article about whistleblower","5. manipulation","2. addiction","0. for whistleblowing","2. unrelated to whistleblowing","11. unrelated","11. unrelated","3. unrelated to whistleblowing","",NA
"ar0h6l","Facebook may face multi-billion dollar fine for Cambridge Analytica scandal","https://arstechnica.com/tech-policy/2019/02/facebook-may-face-multi-billion-dollar-fine-for-cambridge-analytica-scandal/","egjwign","Should carry a mandatory prison term as well.",721,"technology","1. article about whistleblower","5. manipulation","0. privacy","2. neutral","0. general comment about whistleblower","5. manipulation","0. privacy","0. for whistleblowing","",NA
"7xqie6","Anti-Clinton' Wikileaks chat leaked - Wikileaks, the whistle-blowing site founded by Julian Assange, wanted a Republican to become US president, according to a leaked conversation.","http://www.bbc.com/news/technology-43072261","dualt58","Bernie wouldn't have won and his ""close"" margin was only due to taking your money and dragged out a dead campaign 3 months after expiration.",-32,"technology","1. article about whistleblower","5. manipulation","0. privacy","2. neutral","2. unrelated to whistleblowing","11. unrelated","11. unrelated","3. unrelated to whistleblowing","",NA
"bvfvsr","Facebook reportedly thinks there's no 'expectation of privacy' on social media. The social network wants to dismiss a lawsuit stemming from the Cambridge Analytica scandal.","https://www.cnet.com/news/facebook-reportedly-thinks-theres-no-expectation-of-privacy-on-social-media","eppn8vj","Depends though, if that profile is created from information you released out to the public then can you expect that information to be private?",-47,"technology","1. article about whistleblower","0. privacy","5. manipulation","0. for whistleblowing","0. general comment about whistleblower","0. privacy","13. only one issue","1. against whistleblowing","",NA
"svm7ps","Facebook whistleblower alleges executives misled investors about climate, covid hoaxes in new SEC complaints","https://www.washingtonpost.com/technology/2022/02/18/whistleblower-facebook-sec-climate-change/","hxguyu4","Its folks like you that made the Patriot Act permanent",-28,"technology","1. article about whistleblower","4. misinformation","5. manipulation","0. for whistleblowing","2. unrelated to whistleblowing","11. unrelated","11. unrelated","3. unrelated to whistleblowing","",NA
"2pkwwl","Edward Snowden sends birthday greeting to 'extraordinary' Chelsea Manning | On Manningâ€™s 27th birthday, NSA whistleblower praises WikiLeaks source for having â€˜inspired an angry publicâ€™ with her â€˜extraordinary act of serviceâ€™","http://www.theguardian.com/us-news/2014/dec/16/edward-snowden-birthday-greeting-chelsea-manning","cmxzk1r","What Bradley Manning did would be a lot more credible if he wasn't a disgusting freak.",-33,"technology","1. article about whistleblower","0. privacy","3. discrimination","0. for whistleblowing","0. general comment about whistleblower","0. privacy","3. discrimination","1. against whistleblowing","",NA
"4wlwap","Edward Snowden Is Not Dead Despite Mysterious Tweets, Says Glenn Greenwald","https://politics.slashdot.org/story/16/08/07/1657214/edward-snowden-is-not-dead-despite-mysterious-tweets-says-glenn-greenwald","d68ehi4","Seriously get a life people.",-37,"technology","1. article about whistleblower","9. whistleblower retaliation","0. privacy","2. neutral","2. unrelated to whistleblowing","11. unrelated","11. unrelated","3. unrelated to whistleblowing","",NA
"857e7t","Whistleblower explains how Cambridge Analytica 'exploited' Facebook","https://www.engadget.com/2018/03/17/facebook-cambridge-analytica-data-analysis-chris-wylie/","dvvnr5s","Hilary made me vote republican. This shit is stupid.",-49,"technology","1. article about whistleblower","0. privacy","5. manipulation","0. for whistleblowing","2. unrelated to whistleblowing","11. unrelated","11. unrelated","3. unrelated to whistleblowing","",NA
"2f095v","The US government can brand you a terrorist based on a Facebook post. We can't let them make up the rules -- Innocent peopleâ€™s lives are being ruined. Why isnâ€™t anyone watching the watchlist?","http://www.theguardian.com/commentisfree/2014/aug/30/terrorist-watch-list-rules-innocent-people","ck4pos1","I made $5,000 per month as a terrorist working from home. Ask me how!",1507,"technology","1. article about whistleblower","0. privacy","5. manipulation","0. for whistleblowing","2. unrelated to whistleblowing","11. unrelated","11. unrelated","3. unrelated to whistleblowing","",NA
"wcxf1a","An engineer who was fired by Google says its AI chatbot is 'pretty racist' and that AI ethics at Google are a 'fig leaf'","https://www.businessinsider.com/google-engineer-blake-lemoine-ai-ethics-lamda-racist-2022-7","iig2yn7","Our science and technology reporting is a fucking disgrace and these outlets should be ashamed. The story is ""man fooled by chatbot, leaked confidential information, was fired for it.""
 
 And instead we have weeks of breathless reporting that mostly served to legitimize this *absolute nutbar* and his outrageous attempts to find a soul in a complicated model.
 
 He's a modern-day version of an 1800s spiritualist, cloaking himself in the scientific sounding titles while desperately trying to prove his preconceived beliefs rather than honestly and sincerely seeking the truth.
 
 The truth is that there's not a shred of evidence it's anything but a sophisticated chat model working off of an enormous corpus, and like many before him dating back to the 1980s, he simply got fooled. Then he released doctored chat logs that weren't even convincing and showed him to be a credulous, ascientific nut who lacked the capacity or will to do thorough and unbiased investigation.
 
 Edit: and he was suspended by Google because he's obviously a litigation fountain. He immediately played the religion card and then hired a lawyer for the bot. They didn't suspend him because there was doubt he needed to go, they suspended him to make sure legal was solid on their defense for his inevitable wrongful termination suit. I'm no fan of present-day Google, but they did everything right here and the media acted like this was a controversy.",1091,"technology","1. article about whistleblower","3. discrimination","8. algorithmic bias","0. for whistleblowing","0. general comment about whistleblower","9. whistleblower retaliation","3. discrimination","0. for whistleblowing","",NA
"auox8l","Report: Facebook Moderators Are Routinely High and Joke About Suicide to Cope With Job","https://gizmodo.com/report-facebook-moderators-are-routinely-high-and-joke-1832870719","eh9jxip","You can be paid to do this?",5250,"technology","2. unrelated to whistleblowing","11. unrelated","11. unrelated","3. unrelated to whistleblowing","2. unrelated to whistleblowing","11. unrelated","11. unrelated","3. unrelated to whistleblowing","",NA
"8c2zi8","Apple memo warning employees about leaking gets leaked","https://arstechnica.com/tech-policy/2018/04/apple-memo-warning-employees-about-leaking-gets-leaked/","dxbvmmt","Found the ecinomically illiterate one",-56,"technology","1. article about whistleblower","0. privacy","5. manipulation","0. for whistleblowing","2. unrelated to whistleblowing","11. unrelated","11. unrelated","3. unrelated to whistleblowing","",NA
"muxdd3","Internal Facebook memo reveals company plan to â€˜normaliseâ€™ news of data leaks after 500 million user breach","https://www.independent.co.uk/life-style/gadgets-and-tech/facebook-memo-leak-normalise-breach-b1834592.html","gv8rkjk","My LONG-TERM strategy was to delete facebook.",829,"technology","1. article about whistleblower","0. privacy","5. manipulation","0. for whistleblowing","0. general comment about whistleblower","0. privacy","5. manipulation","0. for whistleblowing","",NA
"pquc6d","Leaks just exposed how toxic Facebook and Instagram are to teen girls and, well, everyone.","https://www.theguardian.com/commentisfree/2021/sep/18/facebook-instagram-zuckerberg-teenagers","hddtmiz","Social media is absolutely terrible for every bodies mental health. I include Reddit in that but at least it is strangers for the most part on here. Social media tends to force one to constantly compare your own life with the false life of ones peers.",742,"technology","1. article about whistleblower","5. manipulation","7. safety","0. for whistleblowing","0. general comment about whistleblower","5. manipulation","13. only one issue","0. for whistleblowing","",NA
"1cnj5ef","Whistleblower from Boeing supplier says he was pressured to ignore defects during inspections","https://www.cbsnews.com/video/whistleblower-from-boeing-supplier-says-he-was-pressured-to-ignore-defects-during-inspections/","l37infj","I'd like to proactively send my condolences to the whistleblower's family and friends.",718,"technology","1. article about whistleblower","9. whistleblower retaliation","5. manipulation","0. for whistleblowing","0. general comment about whistleblower","9. whistleblower retaliation","13. only one issue","0. for whistleblowing","",NA
"2r1a6q","Google engineer finds critical security flaw in Windows and makes it public after Microsoft ignored it in the 90-day disclosure policy period.","http://news.softpedia.com/news/Google-Engineer-Finds-Critical-Vulnerability-in-Windows-8-1-Makes-It-Public-468730.shtml","cnbv07c","Don't run Windows
 
 Ubuntu or Mac OSX",-59,"technology","1. article about whistleblower","6. cybersecurity","7. safety","0. for whistleblowing","2. unrelated to whistleblowing","11. unrelated","11. unrelated","3. unrelated to whistleblowing","",NA
"dmby6b","Ocasio-Cortez stumps Zuckerberg with questions on far right and Cambridge Analytica","https://www.theguardian.com/technology/2019/oct/23/mark-zuckerberg-alexandria-ocasio-cortez-facebook-cambridge-analytica","f4z97m8","Her questioning was very bizarre, and her child-like accosting and teenage, edgy demeanor was more befitting of an actress pretending to be a congressperson, rather than an actual congressperson. 
 
 She somehow made Zuckerberg appear likable in this exchange.",-36,"technology","1. article about whistleblower","0. privacy","5. manipulation","0. for whistleblowing","2. unrelated to whistleblowing","11. unrelated","11. unrelated","3. unrelated to whistleblowing","u",NA
"q753mx","Another Facebook whistleblower says she is willing to testify before Congress","https://edition.cnn.com/2021/10/11/tech/facebook-whistleblower-sophie-zhang-congress/index.html","hggplev","lol",-64,"tech","1. article about whistleblower","0. privacy","7. safety","0. for whistleblowing","2. unrelated to whistleblowing","11. unrelated","11. unrelated","3. unrelated to whistleblowing","",NA
